{"cameraMode":{"drawMode":0,"name":"Shaded","section":"Shading Mode"},"sceneLighting":false,"audioPlay":false,"sceneViewState":{"m_AlwaysRefresh":false,"showFog":true,"showSkybox":true,"showFlares":true,"showImageEffects":true,"showParticleSystems":true,"showVisualEffectGraphs":true,"m_FxEnabled":true},"in2DMode":false,"pivot":{"x":30.150047302246095,"y":44.329917907714847,"z":51.664546966552737},"rotation":{"x":0.11417681723833084,"y":-0.7278910875320435,"z":0.12345384061336518,"w":0.6652631759643555},"size":18.413803100585939,"orthographic":false}