{"cameraMode":{"drawMode":0,"name":"Shaded","section":"Shading Mode"},"sceneLighting":false,"audioPlay":false,"sceneViewState":{"m_AlwaysRefresh":false,"showFog":true,"showSkybox":true,"showFlares":true,"showImageEffects":true,"showParticleSystems":true,"showVisualEffectGraphs":true,"m_FxEnabled":true},"in2DMode":false,"pivot":{"x":65.55021667480469,"y":45.06273651123047,"z":89.80675506591797},"rotation":{"x":0.15777093172073365,"y":0.011049293912947178,"z":-0.002772877924144268,"w":0.9877520203590393},"size":16.135953903198243,"orthographic":false}