{"cameraMode":{"drawMode":0,"name":"Shaded","section":"Shading Mode"},"sceneLighting":false,"audioPlay":false,"sceneViewState":{"m_AlwaysRefresh":false,"showFog":true,"showSkybox":true,"showFlares":true,"showImageEffects":true,"showParticleSystems":true,"showVisualEffectGraphs":true,"m_FxEnabled":true},"in2DMode":false,"pivot":{"x":47.22418975830078,"y":54.00669479370117,"z":53.456180572509769},"rotation":{"x":0.11931473016738892,"y":0.8739620447158814,"z":-0.27454689145088198,"w":0.3837839365005493},"size":2.2763335704803469,"orthographic":false}