{"cameraMode":{"drawMode":0,"name":"Shaded","section":"Shading Mode"},"sceneLighting":false,"audioPlay":false,"sceneViewState":{"m_AlwaysRefresh":false,"showFog":false,"showSkybox":false,"showFlares":false,"showImageEffects":false,"showParticleSystems":false,"showVisualEffectGraphs":true,"m_FxEnabled":true},"in2DMode":false,"pivot":{"x":1.3762292861938477,"y":-0.2547004222869873,"z":-2.2166078090667726},"rotation":{"x":-0.053264569491147998,"y":-0.9450559616088867,"z":0.2557654082775116,"w":-0.19668884575366975},"size":2.5836405754089357,"orthographic":false}