{"cameraMode":{"drawMode":0,"name":"Shaded","section":"Shading Mode"},"sceneLighting":false,"audioPlay":false,"sceneViewState":{"m_AlwaysRefresh":false,"showFog":true,"showSkybox":false,"showFlares":true,"showImageEffects":true,"showParticleSystems":true,"showVisualEffectGraphs":true,"m_FxEnabled":true},"in2DMode":false,"pivot":{"x":64.30616760253906,"y":52.354942321777347,"z":61.446388244628909},"rotation":{"x":-0.0016854779096320272,"y":-0.9983024597167969,"z":0.05785944685339928,"w":-0.02248835563659668},"size":1.393932580947876,"orthographic":false}