{"cameraMode":{"drawMode":0,"name":"Shaded","section":"Shading Mode"},"sceneLighting":false,"audioPlay":false,"sceneViewState":{"m_AlwaysRefresh":false,"showFog":false,"showSkybox":false,"showFlares":false,"showImageEffects":false,"showParticleSystems":false,"showVisualEffectGraphs":true,"m_FxEnabled":true},"in2DMode":false,"pivot":{"x":0.6278797388076782,"y":1.1077828407287598,"z":-0.4038708209991455},"rotation":{"x":-0.022343777120113374,"y":0.9773797392845154,"z":-0.1600513756275177,"w":-0.13662996888160706},"size":1.3940751552581788,"orthographic":false}